minAgeToHelpOnFarm;15
farmingMaturity;16
chancesToStartCultivating;0.1
chancesToStartCultivatingWhenFatherDies;0.2
hardworkingYieldBonus;0.15
nbOfPlacesANewFarmerInheritsFromFather;6
sorghumMinYield;500
sorghumMaxYield;800
hardworkersPercentage;0.5
laborUnitsGivenToBigman;0.33
laborUnitsAChildGives;0.33
laborUnitsWifeGiveToHusband;1
chancesForAWomanToWorkWithHerHusband;1
laborUnitsWifeHavingBabyGiveToHusband;0.5
laborUnitsFor1HaSorghum;1.5
kgSorghumFor1ExchLaborUnit;365
minFieldsPerCluster;4
maxInitialFieldsPerCluster;9
maxProportionOfBigmen;0.5